name,road_link_id,from_node_id,to_node_id,facility_type,dir_flag,length,lanes,capacity,free_speed,link_type,cost,VDF_fftt1,VDF_cap1,VDF_alpha1,VDF_beta1,VDF_theta1,VDF_gamma1,VDF_mu1,RUC_rho1,RUC_resource1,RUC_type
(null),1003,1,3,Freeway,1,20,1,4000,60,1,0,20,4000,0.15,4,1,1,100,10,0,1
(null),3002,3,2,Freeway,1,0,1,4000,60,1,0,0,4000,0.15,4,1,1,100,10,0,1
(null),1004,1,4,arterial,1,30,1,3000,60,2,0,30,3000,0.15,4,1,1,100,10,400,1
(null),4002,4,2,arterial,1,0,1,3000,60,2,0,0,3000,0.15,4,1,1,100,10,0,1
